transaction_id,supplier_id,type,original_amount,currency,timestamp,status
TXN066,SUP001,authorization,7658.56,BRL,2024-01-01T01:16:00Z,completed
TXN067,SUP001,capture,7658.56,BRL,2024-01-01T03:16:00Z,completed
TXN061,SUP001,authorization,11921.25,BRL,2024-01-01T03:51:00Z,pending
TXN197,SUP002,authorization,10541.97,BRL,2024-01-01T04:43:00Z,completed
TXN236,SUP003,authorization,26998.17,MXN,2024-01-01T14:13:00Z,completed
TXN160,SUP002,authorization,936.57,BRL,2024-01-01T16:48:00Z,failed
TXN453,SUP006,authorization,10398.95,MXN,2024-01-01T18:47:00Z,completed
TXN462,SUP006,authorization,7186.57,MXN,2024-01-01T19:25:00Z,completed
TXN221,SUP003,authorization,15533.70,MXN,2024-01-01T21:09:00Z,completed
TXN087,SUP001,authorization,30102.98,MXN,2024-01-01T23:13:00Z,pending
TXN421,SUP006,authorization,25631.13,MXN,2024-01-02T02:15:00Z,completed
TXN108,SUP001,authorization,12130.66,BRL,2024-01-02T02:22:00Z,completed
TXN046,SUP001,authorization,445717.42,ARS,2024-01-02T04:20:00Z,completed
TXN250,SUP003,authorization,33907.76,MXN,2024-01-02T11:17:00Z,completed
TXN355,SUP004,authorization,5077.92,BRL,2024-01-02T12:01:00Z,completed
TXN237,SUP003,capture,26998.17,MXN,2024-01-02T15:48:00Z,completed
TXN029,SUP001,authorization,6658.17,BRL,2024-01-02T16:18:00Z,completed
TXN454,SUP006,capture,10398.95,MXN,2024-01-02T19:08:00Z,completed
TXN463,SUP006,capture,7186.57,MXN,2024-01-02T19:31:00Z,completed
TXN348,SUP004,authorization,11146.71,BRL,2024-01-02T20:06:00Z,completed
TXN333,SUP004,authorization,9108.29,BRL,2024-01-02T21:33:00Z,completed
TXN222,SUP003,capture,15533.70,MXN,2024-01-02T22:13:00Z,completed
TXN314,SUP004,authorization,4799.73,BRL,2024-01-02T23:27:00Z,pending
TXN422,SUP006,capture,25631.13,MXN,2024-01-03T05:58:00Z,completed
TXN198,SUP002,capture,10541.97,BRL,2024-01-03T06:49:00Z,completed
TXN205,SUP002,authorization,12254.55,BRL,2024-01-03T08:19:00Z,completed
TXN216,SUP002,authorization,5961.35,BRL,2024-01-03T08:24:00Z,completed
TXN271,SUP003,authorization,34381.19,MXN,2024-01-03T09:18:00Z,completed
TXN206,SUP002,capture,12254.55,BRL,2024-01-03T09:33:00Z,completed
TXN217,SUP002,capture,5961.35,BRL,2024-01-03T10:47:00Z,completed
TXN163,SUP002,authorization,1518.80,BRL,2024-01-03T13:55:00Z,completed
TXN334,SUP004,authorization,12703.61,BRL,2024-01-03T14:16:00Z,completed
TXN164,SUP002,capture,1518.80,BRL,2024-01-03T14:40:00Z,completed
TXN251,SUP003,capture,33907.76,MXN,2024-01-03T14:44:00Z,completed
TXN356,SUP004,capture,5077.92,BRL,2024-01-03T15:40:00Z,completed
TXN191,SUP002,authorization,3215.39,BRL,2024-01-03T15:43:00Z,completed
TXN404,SUP005,authorization,2562571.85,COP,2024-01-03T17:31:00Z,completed
TXN030,SUP001,capture,6658.17,BRL,2024-01-03T17:55:00Z,completed
TXN405,SUP005,capture,2562571.85,COP,2024-01-03T21:16:00Z,completed
TXN110,SUP001,authorization,10167.97,BRL,2024-01-03T22:30:00Z,completed
TXN127,SUP002,authorization,10007.10,BRL,2024-01-04T00:00:00Z,completed
TXN111,SUP001,capture,10167.97,BRL,2024-01-04T02:08:00Z,completed
TXN126,SUP002,authorization,8568.36,BRL,2024-01-04T03:07:00Z,completed
TXN109,SUP001,capture,12130.66,BRL,2024-01-04T05:13:00Z,completed
TXN177,SUP002,authorization,5533.02,BRL,2024-01-04T06:42:00Z,completed
TXN133,SUP002,authorization,5161.78,BRL,2024-01-04T06:56:00Z,failed
TXN231,SUP003,authorization,7402.59,MXN,2024-01-04T08:53:00Z,completed
TXN272,SUP003,capture,34381.19,MXN,2024-01-04T10:04:00Z,completed
TXN010,SUP001,authorization,123405.91,ARS,2024-01-04T18:44:00Z,completed
TXN192,SUP002,capture,3215.39,BRL,2024-01-04T18:53:00Z,completed
TXN349,SUP004,capture,11146.71,BRL,2024-01-04T22:57:00Z,completed
TXN252,SUP003,authorization,9420.43,MXN,2024-01-05T04:03:00Z,completed
TXN365,SUP005,authorization,850081.82,COP,2024-01-05T04:26:00Z,completed
TXN266,SUP003,authorization,24149.57,MXN,2024-01-05T04:27:00Z,completed
TXN340,SUP004,authorization,8172.57,BRL,2024-01-05T04:31:00Z,completed
TXN444,SUP006,authorization,33278.04,MXN,2024-01-05T06:46:00Z,completed
TXN308,SUP004,authorization,10623.38,BRL,2024-01-05T08:00:00Z,completed
TXN324,SUP004,authorization,12343.43,BRL,2024-01-05T08:03:00Z,completed
TXN309,SUP004,capture,10623.38,BRL,2024-01-05T08:52:00Z,completed
TXN178,SUP002,capture,5533.02,BRL,2024-01-05T09:17:00Z,completed
TXN374,SUP005,authorization,1662571.78,COP,2024-01-05T11:16:00Z,completed
TXN445,SUP006,capture,33278.04,MXN,2024-01-05T11:17:00Z,completed
TXN325,SUP004,capture,12343.43,BRL,2024-01-05T13:00:00Z,completed
TXN335,SUP004,capture,12703.61,BRL,2024-01-05T16:20:00Z,completed
TXN012,SUP001,authorization,7825.86,BRL,2024-01-05T16:44:00Z,completed
TXN316,SUP004,authorization,13738.84,BRL,2024-01-05T16:49:00Z,completed
TXN285,SUP003,authorization,19344.17,MXN,2024-01-05T18:38:00Z,completed
TXN013,SUP001,capture,7825.86,BRL,2024-01-05T18:42:00Z,completed
TXN011,SUP001,capture,123405.91,ARS,2024-01-05T19:25:00Z,completed
TXN286,SUP003,capture,19344.17,MXN,2024-01-05T22:27:00Z,completed
TXN158,SUP002,authorization,13739.81,BRL,2024-01-05T22:47:00Z,completed
TXN159,SUP002,capture,13739.81,BRL,2024-01-05T23:01:00Z,completed
TXN210,SUP002,authorization,9169.63,BRL,2024-01-06T00:28:00Z,completed
TXN211,SUP002,capture,9169.63,BRL,2024-01-06T02:11:00Z,completed
TXN173,SUP002,authorization,11601.45,BRL,2024-01-06T03:21:00Z,completed
TXN165,SUP002,authorization,14589.71,BRL,2024-01-06T04:39:00Z,completed
TXN468,SUP006,authorization,33710.04,MXN,2024-01-06T05:33:00Z,completed
TXN469,SUP006,capture,33710.04,MXN,2024-01-06T07:35:00Z,completed
TXN366,SUP005,capture,850081.82,COP,2024-01-06T07:58:00Z,completed
TXN256,SUP003,authorization,16936.14,MXN,2024-01-06T10:42:00Z,completed
TXN254,SUP003,authorization,8928.02,MXN,2024-01-06T11:16:00Z,completed
TXN099,SUP001,authorization,14943.72,BRL,2024-01-06T11:45:00Z,completed
TXN241,SUP003,authorization,3343.91,MXN,2024-01-06T11:57:00Z,completed
TXN009,SUP001,authorization,38749.51,MXN,2024-01-06T15:24:00Z,completed
TXN242,SUP003,capture,3343.91,MXN,2024-01-06T15:26:00Z,completed
TXN317,SUP004,capture,13738.84,BRL,2024-01-06T16:51:00Z,completed
TXN167,SUP002,authorization,1810.35,BRL,2024-01-06T18:17:00Z,completed
TXN168,SUP002,capture,1810.35,BRL,2024-01-06T20:40:00Z,completed
TXN055,SUP001,authorization,6062.45,BRL,2024-01-06T22:57:00Z,completed
TXN318,SUP004,authorization,12554.30,BRL,2024-01-07T00:55:00Z,completed
TXN056,SUP001,capture,6062.45,BRL,2024-01-07T00:57:00Z,completed
TXN053,SUP001,authorization,36461.72,MXN,2024-01-07T02:01:00Z,completed
TXN054,SUP001,capture,36461.72,MXN,2024-01-07T02:23:00Z,completed
TXN319,SUP004,capture,12554.30,BRL,2024-01-07T04:08:00Z,completed
TXN341,SUP004,capture,8172.57,BRL,2024-01-07T05:42:00Z,completed
TXN447,SUP006,authorization,15390.78,MXN,2024-01-07T06:02:00Z,completed
TXN253,SUP003,capture,9420.43,MXN,2024-01-07T06:47:00Z,completed
TXN267,SUP003,capture,24149.57,MXN,2024-01-07T06:56:00Z,completed
TXN434,SUP006,authorization,37662.25,MXN,2024-01-07T10:40:00Z,completed
TXN435,SUP006,capture,37662.25,MXN,2024-01-07T10:53:00Z,completed
TXN146,SUP002,authorization,14796.35,BRL,2024-01-07T11:47:00Z,completed
TXN147,SUP002,capture,14796.35,BRL,2024-01-07T14:22:00Z,completed
TXN257,SUP003,capture,16936.14,MXN,2024-01-07T15:12:00Z,completed
TXN100,SUP001,capture,14943.72,BRL,2024-01-07T15:27:00Z,completed
TXN375,SUP005,capture,1662571.78,COP,2024-01-07T15:38:00Z,completed
TXN005,SUP001,authorization,129416.72,ARS,2024-01-07T18:28:00Z,completed
TXN154,SUP002,authorization,3458.40,BRL,2024-01-07T20:01:00Z,completed
TXN006,SUP001,capture,129416.72,ARS,2024-01-07T20:17:00Z,completed
TXN425,SUP006,authorization,25013.66,MXN,2024-01-07T20:28:00Z,completed
TXN021,SUP001,authorization,11440.69,MXN,2024-01-07T21:02:00Z,completed
TXN395,SUP005,authorization,3033845.97,COP,2024-01-08T01:06:00Z,completed
TXN071,SUP001,authorization,469398.51,ARS,2024-01-08T02:56:00Z,completed
TXN072,SUP001,capture,469398.51,ARS,2024-01-08T03:20:00Z,completed
TXN088,SUP001,authorization,490467.49,ARS,2024-01-08T03:20:00Z,completed
TXN089,SUP001,capture,490467.49,ARS,2024-01-08T03:49:00Z,completed
TXN040,SUP001,authorization,10478.03,BRL,2024-01-08T03:58:00Z,completed
TXN455,SUP006,authorization,30393.34,MXN,2024-01-08T05:04:00Z,completed
TXN174,SUP002,capture,11601.45,BRL,2024-01-08T05:16:00Z,completed
TXN041,SUP001,capture,10478.03,BRL,2024-01-08T06:13:00Z,completed
TXN448,SUP006,capture,15390.78,MXN,2024-01-08T07:43:00Z,completed
TXN436,SUP006,authorization,39154.95,MXN,2024-01-08T08:54:00Z,completed
TXN166,SUP002,capture,14589.71,BRL,2024-01-08T09:38:00Z,completed
TXN255,SUP003,capture,8928.02,MXN,2024-01-08T11:24:00Z,completed
TXN020,SUP001,authorization,3453.80,BRL,2024-01-08T13:35:00Z,completed
TXN212,SUP002,authorization,10580.00,BRL,2024-01-08T13:58:00Z,completed
TXN274,SUP003,authorization,13096.15,MXN,2024-01-08T17:52:00Z,completed
TXN315,SUP004,authorization,2926.35,BRL,2024-01-08T18:55:00Z,pending
TXN312,SUP004,authorization,7312.52,BRL,2024-01-08T20:21:00Z,completed
TXN438,SUP006,authorization,19681.14,MXN,2024-01-08T20:59:00Z,completed
TXN426,SUP006,capture,25013.66,MXN,2024-01-08T22:11:00Z,completed
TXN182,SUP002,authorization,12119.42,BRL,2024-01-08T22:23:00Z,completed
TXN370,SUP005,authorization,756239.65,COP,2024-01-08T23:22:00Z,completed
TXN022,SUP001,capture,11440.69,MXN,2024-01-08T23:30:00Z,completed
TXN052,SUP001,authorization,15652.58,MXN,2024-01-09T00:25:00Z,failed
TXN117,SUP002,authorization,14208.42,BRL,2024-01-09T10:24:00Z,completed
TXN199,SUP002,refund,10541.97,BRL,2024-01-09T10:39:00Z,completed
TXN437,SUP006,capture,39154.95,MXN,2024-01-09T11:44:00Z,completed
TXN207,SUP002,refund,12254.55,BRL,2024-01-09T11:56:00Z,completed
TXN118,SUP002,capture,14208.42,BRL,2024-01-09T13:43:00Z,completed
TXN003,SUP001,authorization,31003.40,MXN,2024-01-09T16:15:00Z,completed
TXN275,SUP003,capture,13096.15,MXN,2024-01-09T18:24:00Z,completed
TXN383,SUP005,authorization,3463905.01,COP,2024-01-09T18:33:00Z,completed
TXN155,SUP002,capture,3458.40,BRL,2024-01-09T21:00:00Z,completed
TXN313,SUP004,capture,7312.52,BRL,2024-01-09T22:47:00Z,completed
TXN398,SUP005,authorization,3404814.46,COP,2024-01-10T01:51:00Z,completed
TXN094,SUP001,authorization,12269.14,BRL,2024-01-10T02:57:00Z,completed
TXN156,SUP002,authorization,13388.13,BRL,2024-01-10T04:11:00Z,completed
TXN095,SUP001,capture,12269.14,BRL,2024-01-10T04:20:00Z,completed
TXN396,SUP005,capture,3033845.97,COP,2024-01-10T04:53:00Z,completed
TXN189,SUP002,authorization,13415.66,BRL,2024-01-10T05:19:00Z,completed
TXN399,SUP005,capture,3404814.46,COP,2024-01-10T06:48:00Z,completed
TXN456,SUP006,capture,30393.34,MXN,2024-01-10T08:40:00Z,completed
TXN219,SUP003,authorization,29696.64,MXN,2024-01-10T15:25:00Z,completed
TXN220,SUP003,capture,29696.64,MXN,2024-01-10T15:55:00Z,completed
TXN466,SUP006,authorization,11056.18,MXN,2024-01-10T16:01:00Z,completed
TXN213,SUP002,capture,10580.00,BRL,2024-01-10T16:16:00Z,completed
TXN278,SUP003,authorization,37531.95,MXN,2024-01-10T19:03:00Z,pending
TXN439,SUP006,capture,19681.14,MXN,2024-01-10T21:19:00Z,completed
TXN183,SUP002,capture,12119.42,BRL,2024-01-10T23:15:00Z,completed
TXN044,SUP001,authorization,8359.17,BRL,2024-01-11T06:46:00Z,completed
TXN157,SUP002,capture,13388.13,BRL,2024-01-11T06:55:00Z,completed
TXN049,SUP001,authorization,164758.47,ARS,2024-01-11T08:21:00Z,completed
TXN457,SUP006,authorization,34690.93,MXN,2024-01-11T08:35:00Z,completed
TXN415,SUP006,authorization,20024.19,MXN,2024-01-11T09:41:00Z,completed
TXN142,SUP002,authorization,3060.14,BRL,2024-01-11T12:49:00Z,completed
TXN050,SUP001,capture,164758.47,ARS,2024-01-11T13:03:00Z,completed
TXN262,SUP003,authorization,4259.12,MXN,2024-01-11T13:09:00Z,completed
TXN467,SUP006,capture,11056.18,MXN,2024-01-11T16:30:00Z,completed
TXN326,SUP004,refund,12343.43,BRL,2024-01-11T16:57:00Z,completed
TXN004,SUP001,capture,31003.40,MXN,2024-01-11T21:01:00Z,completed
TXN384,SUP005,capture,3463905.01,COP,2024-01-11T21:38:00Z,completed
TXN227,SUP003,authorization,9865.15,MXN,2024-01-11T23:48:00Z,completed
TXN016,SUP001,authorization,455574.52,ARS,2024-01-12T00:50:00Z,completed
TXN035,SUP001,authorization,31950.77,ARS,2024-01-12T02:00:00Z,completed
TXN350,SUP004,refund,11146.71,BRL,2024-01-12T03:36:00Z,completed
TXN036,SUP001,capture,31950.77,ARS,2024-01-12T05:27:00Z,completed
TXN190,SUP002,capture,13415.66,BRL,2024-01-12T05:49:00Z,completed
TXN202,SUP002,authorization,10334.87,BRL,2024-01-12T06:44:00Z,completed
TXN082,SUP001,authorization,9719.58,MXN,2024-01-12T06:47:00Z,pending
TXN208,SUP002,authorization,10420.91,BRL,2024-01-12T07:25:00Z,completed
TXN367,SUP005,refund,850081.82,COP,2024-01-12T09:26:00Z,completed
TXN125,SUP002,authorization,10498.18,BRL,2024-01-12T09:37:00Z,pending
TXN430,SUP006,authorization,6119.23,MXN,2024-01-12T10:05:00Z,completed
TXN209,SUP002,capture,10420.91,BRL,2024-01-12T10:45:00Z,completed
TXN446,SUP006,refund,33278.04,MXN,2024-01-12T11:47:00Z,completed
TXN310,SUP004,refund,10623.38,BRL,2024-01-12T12:56:00Z,completed
TXN472,SUP007,authorization,84574.18,ARS,2024-01-12T13:04:00Z,completed
TXN431,SUP006,capture,6119.23,MXN,2024-01-12T14:12:00Z,completed
TXN143,SUP002,capture,3060.14,BRL,2024-01-12T17:16:00Z,completed
TXN301,SUP004,authorization,12598.27,BRL,2024-01-12T18:09:00Z,completed
TXN302,SUP004,capture,12598.27,BRL,2024-01-12T18:49:00Z,completed
TXN279,SUP003,authorization,39945.22,MXN,2024-01-12T19:23:00Z,completed
TXN477,SUP007,authorization,46309.43,ARS,2024-01-12T21:40:00Z,completed
TXN078,SUP001,authorization,8922.26,BRL,2024-01-12T22:41:00Z,completed
TXN031,SUP001,authorization,22729.18,MXN,2024-01-12T23:29:00Z,completed
TXN107,SUP001,authorization,30559.61,MXN,2024-01-13T00:35:00Z,pending
TXN148,SUP002,authorization,1516.56,BRL,2024-01-13T00:48:00Z,completed
TXN228,SUP003,capture,9865.15,MXN,2024-01-13T01:34:00Z,completed
TXN381,SUP005,authorization,1144970.37,COP,2024-01-13T08:52:00Z,completed
TXN045,SUP001,capture,8359.17,BRL,2024-01-13T09:15:00Z,completed
TXN419,SUP006,authorization,5552.72,MXN,2024-01-13T10:18:00Z,completed
TXN203,SUP002,capture,10334.87,BRL,2024-01-13T11:34:00Z,completed
TXN458,SUP006,capture,34690.93,MXN,2024-01-13T13:00:00Z,completed
TXN470,SUP006,authorization,8077.19,MXN,2024-01-13T13:45:00Z,completed
TXN416,SUP006,capture,20024.19,MXN,2024-01-13T13:52:00Z,completed
TXN473,SUP007,capture,84574.18,ARS,2024-01-13T14:27:00Z,completed
TXN342,SUP004,authorization,2295.47,BRL,2024-01-13T16:12:00Z,completed
TXN263,SUP003,capture,4259.12,MXN,2024-01-13T16:31:00Z,completed
TXN193,SUP002,authorization,10788.99,BRL,2024-01-13T17:52:00Z,completed
TXN346,SUP004,authorization,9761.69,BRL,2024-01-13T19:48:00Z,completed
TXN248,SUP003,authorization,1591.01,MXN,2024-01-13T20:00:00Z,completed
TXN194,SUP002,capture,10788.99,BRL,2024-01-13T21:01:00Z,completed
TXN347,SUP004,capture,9761.69,BRL,2024-01-13T21:09:00Z,completed
TXN449,SUP006,authorization,3376.92,MXN,2024-01-13T22:03:00Z,completed
TXN478,SUP007,capture,46309.43,ARS,2024-01-13T22:41:00Z,completed
TXN184,SUP002,refund,12119.42,BRL,2024-01-13T23:46:00Z,completed
TXN017,SUP001,capture,455574.52,ARS,2024-01-14T04:08:00Z,completed
TXN171,SUP002,authorization,13250.39,BRL,2024-01-14T05:17:00Z,completed
TXN179,SUP002,authorization,3772.67,BRL,2024-01-14T07:52:00Z,completed
TXN397,SUP005,refund,3033845.97,COP,2024-01-14T08:34:00Z,completed
TXN128,SUP002,authorization,5868.18,BRL,2024-01-14T11:11:00Z,pending
TXN382,SUP005,capture,1144970.37,COP,2024-01-14T12:34:00Z,completed
TXN471,SUP006,capture,8077.19,MXN,2024-01-14T16:45:00Z,completed
TXN377,SUP005,authorization,1052295.46,COP,2024-01-14T16:46:00Z,completed
TXN112,SUP001,authorization,24094.03,MXN,2024-01-14T17:09:00Z,completed
TXN214,SUP002,authorization,3968.10,BRL,2024-01-14T17:20:00Z,completed
TXN280,SUP003,capture,39945.22,MXN,2024-01-14T21:15:00Z,completed
TXN249,SUP003,capture,1591.01,MXN,2024-01-14T21:59:00Z,completed
TXN400,SUP005,authorization,2762234.81,COP,2024-01-15T01:37:00Z,completed
TXN079,SUP001,capture,8922.26,BRL,2024-01-15T01:53:00Z,completed
TXN032,SUP001,capture,22729.18,MXN,2024-01-15T03:13:00Z,completed
TXN092,SUP001,authorization,419513.68,ARS,2024-01-15T03:36:00Z,completed
TXN387,SUP005,authorization,213520.89,COP,2024-01-15T08:49:00Z,completed
TXN180,SUP002,capture,3772.67,BRL,2024-01-15T09:48:00Z,completed
TXN420,SUP006,capture,5552.72,MXN,2024-01-15T10:33:00Z,completed
TXN114,SUP001,authorization,2994.98,BRL,2024-01-15T14:15:00Z,completed
TXN115,SUP001,capture,2994.98,BRL,2024-01-15T16:01:00Z,completed
TXN450,SUP006,capture,3376.92,MXN,2024-01-16T01:08:00Z,completed
TXN073,SUP001,authorization,13820.63,BRL,2024-01-16T03:54:00Z,completed
TXN093,SUP001,capture,419513.68,ARS,2024-01-16T06:39:00Z,completed
TXN351,SUP004,authorization,9922.32,BRL,2024-01-16T07:20:00Z,completed
TXN172,SUP002,capture,13250.39,BRL,2024-01-16T07:59:00Z,completed
TXN475,SUP007,authorization,72461.63,ARS,2024-01-16T08:31:00Z,completed
TXN083,SUP001,authorization,91059.46,ARS,2024-01-16T09:24:00Z,completed
TXN476,SUP007,capture,72461.63,ARS,2024-01-16T11:11:00Z,completed
TXN264,SUP003,authorization,24817.74,MXN,2024-01-16T14:34:00Z,completed
TXN442,SUP006,authorization,35443.38,MXN,2024-01-16T14:51:00Z,completed
TXN113,SUP001,capture,24094.03,MXN,2024-01-16T17:27:00Z,completed
TXN273,SUP003,authorization,8549.95,MXN,2024-01-16T17:27:00Z,pending
TXN215,SUP002,capture,3968.10,BRL,2024-01-16T18:52:00Z,completed
TXN378,SUP005,capture,1052295.46,COP,2024-01-16T20:08:00Z,completed
TXN353,SUP004,authorization,9859.75,BRL,2024-01-16T20:43:00Z,completed
TXN401,SUP005,capture,2762234.81,COP,2024-01-17T03:40:00Z,completed
TXN388,SUP005,capture,213520.89,COP,2024-01-17T10:23:00Z,completed
TXN352,SUP004,capture,9922.32,BRL,2024-01-17T10:51:00Z,completed
TXN123,SUP002,authorization,13072.51,BRL,2024-01-17T13:08:00Z,completed
TXN459,SUP006,refund,34690.93,MXN,2024-01-17T13:29:00Z,completed
TXN124,SUP002,capture,13072.51,BRL,2024-01-17T13:33:00Z,completed
TXN474,SUP007,refund,84574.18,ARS,2024-01-17T14:41:00Z,completed
TXN025,SUP001,authorization,14040.63,BRL,2024-01-17T16:54:00Z,completed
TXN246,SUP003,authorization,31381.03,MXN,2024-01-17T17:00:00Z,completed
TXN330,SUP004,authorization,4558.39,BRL,2024-01-17T20:00:00Z,completed
TXN354,SUP004,capture,9859.75,BRL,2024-01-17T22:30:00Z,completed
TXN141,SUP002,authorization,13531.24,BRL,2024-01-18T03:18:00Z,pending
TXN268,SUP003,authorization,9511.59,MXN,2024-01-18T03:27:00Z,completed
TXN038,SUP001,authorization,54780.17,ARS,2024-01-18T05:24:00Z,completed
TXN187,SUP002,authorization,4747.13,BRL,2024-01-18T07:02:00Z,completed
TXN074,SUP001,capture,13820.63,BRL,2024-01-18T07:24:00Z,completed
TXN322,SUP004,authorization,5633.70,BRL,2024-01-18T08:17:00Z,completed
TXN188,SUP002,capture,4747.13,BRL,2024-01-18T09:16:00Z,completed
TXN084,SUP001,capture,91059.46,ARS,2024-01-18T09:57:00Z,completed
TXN224,SUP003,authorization,30880.79,MXN,2024-01-18T13:50:00Z,completed
TXN265,SUP003,capture,24817.74,MXN,2024-01-18T15:43:00Z,completed
TXN443,SUP006,capture,35443.38,MXN,2024-01-18T17:00:00Z,completed
TXN051,SUP001,refund,164758.47,ARS,2024-01-18T17:26:00Z,completed
TXN432,SUP006,authorization,35958.74,MXN,2024-01-18T20:16:00Z,completed
TXN287,SUP003,authorization,11453.33,MXN,2024-01-18T20:29:00Z,completed
TXN433,SUP006,capture,35958.74,MXN,2024-01-18T23:21:00Z,completed
TXN409,SUP005,authorization,3687239.31,COP,2024-01-19T03:39:00Z,completed
TXN039,SUP001,capture,54780.17,ARS,2024-01-19T06:23:00Z,completed
TXN345,SUP004,authorization,13161.61,BRL,2024-01-19T08:39:00Z,failed
TXN260,SUP003,authorization,19188.94,MXN,2024-01-19T08:40:00Z,completed
TXN152,SUP002,authorization,4406.74,BRL,2024-01-19T09:18:00Z,completed
TXN134,SUP002,authorization,6675.96,BRL,2024-01-19T10:04:00Z,completed
TXN291,SUP003,authorization,20035.66,MXN,2024-01-19T10:06:00Z,completed
TXN153,SUP002,capture,4406.74,BRL,2024-01-19T11:11:00Z,completed
TXN292,SUP003,capture,20035.66,MXN,2024-01-19T11:58:00Z,completed
TXN135,SUP002,capture,6675.96,BRL,2024-01-19T11:59:00Z,completed
TXN181,SUP002,refund,3772.67,BRL,2024-01-19T12:29:00Z,completed
TXN281,SUP003,authorization,17220.82,MXN,2024-01-19T12:45:00Z,completed
TXN331,SUP004,authorization,10119.19,BRL,2024-01-19T13:50:00Z,completed
TXN225,SUP003,capture,30880.79,MXN,2024-01-19T14:53:00Z,completed
TXN059,SUP001,authorization,21525.46,MXN,2024-01-19T15:35:00Z,completed
TXN282,SUP003,capture,17220.82,MXN,2024-01-19T17:25:00Z,completed
TXN332,SUP004,capture,10119.19,BRL,2024-01-19T18:35:00Z,completed
TXN440,SUP006,authorization,18587.85,MXN,2024-01-19T18:59:00Z,completed
TXN060,SUP001,capture,21525.46,MXN,2024-01-19T19:19:00Z,completed
TXN247,SUP003,capture,31381.03,MXN,2024-01-19T21:27:00Z,completed
TXN288,SUP003,capture,11453.33,MXN,2024-01-20T00:35:00Z,completed
TXN371,SUP005,authorization,2401473.37,COP,2024-01-20T01:24:00Z,completed
TXN269,SUP003,capture,9511.59,MXN,2024-01-20T04:23:00Z,completed
TXN223,SUP003,authorization,17129.36,MXN,2024-01-20T04:25:00Z,completed
TXN218,SUP003,authorization,12310.95,MXN,2024-01-20T06:00:00Z,failed
TXN047,SUP001,authorization,312061.51,ARS,2024-01-20T07:13:00Z,completed
TXN276,SUP003,authorization,38408.98,MXN,2024-01-20T08:25:00Z,completed
TXN323,SUP004,capture,5633.70,BRL,2024-01-20T12:08:00Z,completed
TXN460,SUP006,authorization,28069.90,MXN,2024-01-20T12:19:00Z,completed
TXN261,SUP003,capture,19188.94,MXN,2024-01-20T13:16:00Z,completed
TXN427,SUP006,authorization,26708.99,MXN,2024-01-20T14:06:00Z,completed
TXN406,SUP005,authorization,4306275.72,COP,2024-01-20T18:16:00Z,completed
TXN407,SUP005,capture,4306275.72,COP,2024-01-20T19:17:00Z,completed
TXN075,SUP001,authorization,14136.38,BRL,2024-01-20T19:58:00Z,completed
TXN076,SUP001,capture,14136.38,BRL,2024-01-20T22:12:00Z,completed
TXN441,SUP006,capture,18587.85,MXN,2024-01-20T22:29:00Z,completed
TXN151,SUP002,authorization,8139.96,BRL,2024-01-21T02:52:00Z,pending
TXN410,SUP005,capture,3687239.31,COP,2024-01-21T04:49:00Z,completed
TXN258,SUP003,authorization,5350.05,MXN,2024-01-21T05:36:00Z,completed
TXN428,SUP006,authorization,22288.43,MXN,2024-01-21T05:52:00Z,completed
TXN259,SUP003,capture,5350.05,MXN,2024-01-21T06:08:00Z,completed
TXN131,SUP002,authorization,10456.07,BRL,2024-01-21T07:30:00Z,completed
TXN232,SUP003,authorization,22205.89,MXN,2024-01-21T07:35:00Z,completed
TXN277,SUP003,capture,38408.98,MXN,2024-01-21T10:42:00Z,completed
TXN402,SUP005,authorization,2389392.85,COP,2024-01-21T12:11:00Z,completed
TXN298,SUP004,authorization,9292.14,BRL,2024-01-21T12:46:00Z,completed
TXN299,SUP004,capture,9292.14,BRL,2024-01-21T14:49:00Z,completed
TXN368,SUP005,authorization,3156239.93,COP,2024-01-21T16:37:00Z,completed
TXN369,SUP005,capture,3156239.93,COP,2024-01-21T16:58:00Z,completed
TXN343,SUP004,authorization,13575.71,BRL,2024-01-21T17:48:00Z,completed
TXN464,SUP006,authorization,10812.68,MXN,2024-01-21T17:51:00Z,completed
TXN175,SUP002,authorization,12906.14,BRL,2024-01-21T20:39:00Z,completed
TXN465,SUP006,capture,10812.68,MXN,2024-01-21T21:44:00Z,completed
TXN389,SUP005,authorization,1840990.71,COP,2024-01-21T21:54:00Z,completed
TXN372,SUP005,authorization,4243024.30,COP,2024-01-22T05:22:00Z,completed
TXN122,SUP002,authorization,7169.60,BRL,2024-01-22T06:00:00Z,completed
TXN363,SUP005,authorization,3669844.69,COP,2024-01-22T06:39:00Z,completed
TXN429,SUP006,capture,22288.43,MXN,2024-01-22T10:21:00Z,completed
TXN057,SUP001,authorization,76732.57,ARS,2024-01-22T10:26:00Z,completed
TXN233,SUP003,capture,22205.89,MXN,2024-01-22T10:34:00Z,completed
TXN364,SUP005,capture,3669844.69,COP,2024-01-22T10:39:00Z,completed
TXN048,SUP001,capture,312061.51,ARS,2024-01-22T11:38:00Z,completed
TXN461,SUP006,capture,28069.90,MXN,2024-01-22T16:27:00Z,completed
TXN403,SUP005,capture,2389392.85,COP,2024-01-22T16:29:00Z,completed
TXN226,SUP003,refund,30880.79,MXN,2024-01-22T16:30:00Z,completed
TXN300,SUP004,authorization,1575.55,BRL,2024-01-22T17:28:00Z,failed
TXN390,SUP005,capture,1840990.71,COP,2024-01-22T22:35:00Z,completed
TXN338,SUP004,authorization,7272.14,BRL,2024-01-23T00:10:00Z,completed
TXN042,SUP001,authorization,12265.01,BRL,2024-01-23T01:23:00Z,completed
TXN244,SUP003,authorization,9876.37,MXN,2024-01-23T01:30:00Z,completed
TXN245,SUP003,capture,9876.37,MXN,2024-01-23T02:57:00Z,completed
TXN132,SUP002,capture,10456.07,BRL,2024-01-23T12:17:00Z,completed
TXN144,SUP002,authorization,13350.43,BRL,2024-01-23T13:00:00Z,completed
TXN145,SUP002,capture,13350.43,BRL,2024-01-23T17:02:00Z,completed
TXN344,SUP004,capture,13575.71,BRL,2024-01-23T20:20:00Z,completed
TXN101,SUP001,authorization,9786.52,BRL,2024-01-23T20:33:00Z,completed
TXN176,SUP002,capture,12906.14,BRL,2024-01-23T22:08:00Z,completed
TXN283,SUP003,refund,17220.82,MXN,2024-01-23T22:18:00Z,completed
TXN297,SUP004,authorization,7615.05,BRL,2024-01-24T00:29:00Z,pending
TXN037,SUP001,authorization,11402.87,BRL,2024-01-24T05:45:00Z,completed
TXN373,SUP005,capture,4243024.30,COP,2024-01-24T06:44:00Z,completed
TXN293,SUP004,authorization,12624.46,BRL,2024-01-24T07:21:00Z,completed
TXN305,SUP004,authorization,11126.31,BRL,2024-01-24T07:53:00Z,completed
TXN361,SUP005,authorization,3133499.79,COP,2024-01-24T12:51:00Z,completed
TXN064,SUP001,authorization,12696.10,BRL,2024-01-24T13:50:00Z,completed
TXN065,SUP001,capture,12696.10,BRL,2024-01-24T14:04:00Z,completed
TXN058,SUP001,capture,76732.57,ARS,2024-01-24T14:32:00Z,completed
TXN362,SUP005,capture,3133499.79,COP,2024-01-24T17:05:00Z,completed
TXN085,SUP001,authorization,476349.12,ARS,2024-01-24T20:00:00Z,completed
TXN086,SUP001,capture,476349.12,ARS,2024-01-24T20:24:00Z,completed
TXN408,SUP005,refund,4306275.72,COP,2024-01-24T20:26:00Z,completed
TXN311,SUP004,authorization,1184.31,BRL,2024-01-24T21:04:00Z,completed
TXN136,SUP002,authorization,579.61,BRL,2024-01-24T23:06:00Z,failed
TXN359,SUP005,authorization,2144339.75,COP,2024-01-24T23:57:00Z,completed
TXN339,SUP004,capture,7272.14,BRL,2024-01-25T01:57:00Z,completed
TXN379,SUP005,authorization,3963942.48,COP,2024-01-25T05:27:00Z,completed
TXN043,SUP001,capture,12265.01,BRL,2024-01-25T05:38:00Z,completed
TXN380,SUP005,capture,3963942.48,COP,2024-01-25T09:36:00Z,completed
TXN129,SUP002,authorization,4535.62,BRL,2024-01-25T10:46:00Z,completed
TXN295,SUP004,authorization,5661.15,BRL,2024-01-25T11:42:00Z,completed
TXN306,SUP004,capture,11126.31,BRL,2024-01-25T12:09:00Z,completed
TXN385,SUP005,authorization,4577965.36,COP,2024-01-25T12:36:00Z,completed
TXN149,SUP002,authorization,13007.57,BRL,2024-01-25T20:31:00Z,completed
TXN357,SUP004,authorization,3215.61,BRL,2024-01-25T21:05:00Z,completed
TXN423,SUP006,authorization,37699.54,MXN,2024-01-25T21:24:00Z,completed
TXN336,SUP004,authorization,8294.15,BRL,2024-01-25T21:28:00Z,completed
TXN026,SUP001,authorization,71700.49,ARS,2024-01-25T21:42:00Z,failed
TXN289,SUP003,authorization,13856.45,MXN,2024-01-25T23:18:00Z,completed
TXN102,SUP001,capture,9786.52,BRL,2024-01-25T23:30:00Z,completed
TXN391,SUP005,refund,1840990.71,COP,2024-01-26T00:45:00Z,completed
TXN007,SUP001,authorization,8609.11,MXN,2024-01-26T03:41:00Z,completed
TXN008,SUP001,capture,8609.11,MXN,2024-01-26T04:18:00Z,completed
TXN027,SUP001,authorization,2988.74,BRL,2024-01-26T06:35:00Z,completed
TXN294,SUP004,capture,12624.46,BRL,2024-01-26T09:28:00Z,completed
TXN028,SUP001,capture,2988.74,BRL,2024-01-26T10:40:00Z,completed
TXN096,SUP001,authorization,360439.34,ARS,2024-01-26T11:17:00Z,completed
TXN386,SUP005,capture,4577965.36,COP,2024-01-26T15:16:00Z,completed
TXN296,SUP004,capture,5661.15,BRL,2024-01-26T15:43:00Z,completed
TXN001,SUP001,authorization,21459.41,MXN,2024-01-26T22:27:00Z,completed
TXN360,SUP005,capture,2144339.75,COP,2024-01-27T00:24:00Z,completed
TXN077,SUP001,refund,14136.38,BRL,2024-01-27T00:49:00Z,completed
TXN337,SUP004,capture,8294.15,BRL,2024-01-27T02:14:00Z,completed
TXN290,SUP003,capture,13856.45,MXN,2024-01-27T02:18:00Z,completed
TXN243,SUP003,authorization,25684.11,MXN,2024-01-27T03:17:00Z,failed
TXN161,SUP002,authorization,849.60,BRL,2024-01-27T07:35:00Z,completed
TXN162,SUP002,capture,849.60,BRL,2024-01-27T08:32:00Z,completed
TXN130,SUP002,capture,4535.62,BRL,2024-01-27T12:33:00Z,completed
TXN137,SUP002,authorization,4515.87,BRL,2024-01-27T13:28:00Z,completed
TXN097,SUP001,capture,360439.34,ARS,2024-01-27T14:03:00Z,completed
TXN014,SUP001,authorization,137161.63,ARS,2024-01-27T15:30:00Z,completed
TXN327,SUP004,authorization,4968.87,BRL,2024-01-27T16:36:00Z,completed
TXN328,SUP004,capture,4968.87,BRL,2024-01-27T18:04:00Z,completed
TXN139,SUP002,authorization,1459.45,BRL,2024-01-27T21:39:00Z,completed
TXN150,SUP002,capture,13007.57,BRL,2024-01-27T22:42:00Z,completed
TXN424,SUP006,capture,37699.54,MXN,2024-01-28T00:26:00Z,completed
TXN062,SUP001,authorization,32239.14,ARS,2024-01-28T00:44:00Z,completed
TXN358,SUP004,capture,3215.61,BRL,2024-01-28T01:50:00Z,completed
TXN320,SUP004,authorization,6712.97,BRL,2024-01-28T03:35:00Z,completed
TXN063,SUP001,capture,32239.14,ARS,2024-01-28T04:15:00Z,completed
TXN033,SUP001,authorization,102093.31,ARS,2024-01-28T09:58:00Z,completed
TXN234,SUP003,authorization,11300.68,MXN,2024-01-28T10:08:00Z,completed
TXN034,SUP001,capture,102093.31,ARS,2024-01-28T10:41:00Z,completed
TXN080,SUP001,authorization,3049.60,BRL,2024-01-28T12:13:00Z,completed
TXN451,SUP006,authorization,31427.19,MXN,2024-01-28T12:34:00Z,completed
TXN090,SUP001,authorization,13427.82,BRL,2024-01-28T12:35:00Z,completed
TXN023,SUP001,authorization,20118.60,MXN,2024-01-28T13:06:00Z,completed
TXN204,SUP002,authorization,10045.33,BRL,2024-01-28T13:28:00Z,completed
TXN284,SUP003,authorization,12077.47,MXN,2024-01-28T14:11:00Z,failed
TXN270,SUP003,authorization,9407.55,MXN,2024-01-28T14:43:00Z,completed
TXN091,SUP001,capture,13427.82,BRL,2024-01-28T16:48:00Z,completed
TXN307,SUP004,refund,11126.31,BRL,2024-01-28T17:02:00Z,completed
TXN018,SUP001,authorization,231069.98,ARS,2024-01-28T19:23:00Z,completed
TXN169,SUP002,authorization,13829.97,BRL,2024-01-28T19:50:00Z,completed
TXN413,SUP006,authorization,32740.07,MXN,2024-01-28T19:51:00Z,completed
TXN414,SUP006,capture,32740.07,MXN,2024-01-28T20:03:00Z,completed
TXN200,SUP002,authorization,9131.96,BRL,2024-01-28T21:24:00Z,completed
TXN002,SUP001,capture,21459.41,MXN,2024-01-28T23:20:00Z,completed
TXN201,SUP002,capture,9131.96,BRL,2024-01-28T23:32:00Z,completed
TXN195,SUP002,authorization,6622.24,BRL,2024-01-28T23:49:00Z,completed
TXN103,SUP001,refund,9786.52,BRL,2024-01-29T03:13:00Z,completed
TXN196,SUP002,capture,6622.24,BRL,2024-01-29T03:44:00Z,completed
TXN417,SUP006,authorization,19888.30,MXN,2024-01-29T08:08:00Z,completed
TXN104,SUP001,authorization,241169.08,ARS,2024-01-29T08:31:00Z,completed
TXN303,SUP004,authorization,12107.46,BRL,2024-01-29T08:48:00Z,completed
TXN229,SUP003,authorization,6156.31,MXN,2024-01-29T09:00:00Z,completed
TXN105,SUP001,capture,241169.08,ARS,2024-01-29T10:04:00Z,completed
TXN068,SUP001,authorization,476715.83,ARS,2024-01-29T12:08:00Z,completed
TXN185,SUP002,authorization,6696.41,BRL,2024-01-29T12:36:00Z,completed
TXN452,SUP006,capture,31427.19,MXN,2024-01-29T13:07:00Z,completed
TXN024,SUP001,capture,20118.60,MXN,2024-01-29T13:29:00Z,completed
TXN230,SUP003,capture,6156.31,MXN,2024-01-29T13:45:00Z,completed
TXN081,SUP001,capture,3049.60,BRL,2024-01-29T14:37:00Z,completed
TXN186,SUP002,capture,6696.41,BRL,2024-01-29T15:51:00Z,completed
TXN238,SUP003,authorization,15721.67,MXN,2024-01-29T17:23:00Z,completed
TXN138,SUP002,capture,4515.87,BRL,2024-01-29T17:45:00Z,completed
TXN411,SUP006,authorization,12371.06,MXN,2024-01-29T18:22:00Z,completed
TXN015,SUP001,capture,137161.63,ARS,2024-01-29T20:20:00Z,completed
TXN019,SUP001,capture,231069.98,ARS,2024-01-29T20:51:00Z,completed
TXN412,SUP006,capture,12371.06,MXN,2024-01-29T22:29:00Z,completed
TXN140,SUP002,capture,1459.45,BRL,2024-01-29T22:40:00Z,completed
TXN116,SUP002,authorization,14142.21,BRL,2024-01-30T04:08:00Z,failed
TXN321,SUP004,capture,6712.97,BRL,2024-01-30T04:50:00Z,completed
TXN418,SUP006,capture,19888.30,MXN,2024-01-30T08:12:00Z,completed
TXN235,SUP003,capture,11300.68,MXN,2024-01-30T10:28:00Z,completed
TXN376,SUP005,authorization,3435461.87,COP,2024-01-30T11:33:00Z,pending
TXN069,SUP001,capture,476715.83,ARS,2024-01-30T16:36:00Z,completed
TXN239,SUP003,capture,15721.67,MXN,2024-01-30T20:35:00Z,completed
TXN170,SUP002,capture,13829.97,BRL,2024-01-30T20:47:00Z,completed
TXN119,SUP002,authorization,7936.52,BRL,2024-01-30T21:45:00Z,completed
TXN392,SUP005,authorization,3371977.59,COP,2024-01-30T23:36:00Z,completed
TXN120,SUP002,capture,7936.52,BRL,2024-01-31T01:14:00Z,completed
TXN304,SUP004,capture,12107.46,BRL,2024-01-31T12:32:00Z,completed
TXN098,SUP001,refund,360439.34,ARS,2024-01-31T18:52:00Z,completed
TXN393,SUP005,capture,3371977.59,COP,2024-02-02T02:45:00Z,completed
TXN329,SUP004,refund,4968.87,BRL,2024-02-02T19:08:00Z,completed
TXN121,SUP002,refund,7936.52,BRL,2024-02-04T03:25:00Z,completed
TXN106,SUP001,refund,241169.08,ARS,2024-02-04T12:20:00Z,completed
TXN394,SUP005,refund,3371977.59,COP,2024-02-05T07:41:00Z,completed
TXN070,SUP001,refund,476715.83,ARS,2024-02-05T17:36:00Z,completed
TXN240,SUP003,refund,15721.67,MXN,2024-02-06T23:27:00Z,completed
